Date,Apple Watch stand hours(hr),Exercise time(min),Flights climbed(count),Heart rate(count/min),Resting heart rate(count/min),Stand time(min),Step count(count),Walking heart rate average(count/min)
2019-06-20,,,,,,,1347.000,
2019-06-21,,,12.000,,,,12964.000,
2019-06-22,,,28.000,,,,8838.928,
2019-06-23,,,20.000,,,,9245.072,
2019-06-24,,,9.000,,,,16292.000,
2019-06-25,,,18.000,,,,15407.000,
2019-06-26,,,16.000,,,,8638.000,
2019-06-27,,,31.000,,,,7720.000,
2019-06-28,,,17.000,,,,9414.764,
2019-06-29,,,3.000,,,,7663.144,
2019-06-30,,,8.000,,,,7645.091,
2019-07-01,,,1.000,,,,9827.000,
2019-07-02,,,,,,,1561.000,
2019-07-03,,,,,,,2322.000,
2019-07-04,,,,,,,1024.000,
2019-07-05,,,,,,,1251.000,
2019-07-06,,,1.000,,,,9037.000,
2019-07-07,,,,,,,5625.000,
2019-07-08,,,4.000,,,,6016.000,
2019-07-09,,,2.000,,,,4106.000,
2019-07-10,,,3.000,,,,6049.000,
2019-07-11,,,1.000,,,,3448.000,
2019-07-12,,,3.000,,,,6469.000,
2019-07-13,,,4.000,,,,11771.000,
2019-07-14,,,3.000,,,,11591.000,
2019-07-15,,,1.000,,,,5573.000,
2019-07-16,,,1.000,,,,1640.000,
2019-07-17,,,1.000,,,,1801.000,
2019-07-18,,,2.000,,,,1980.000,
2019-07-19,,,1.000,,,,1458.000,
2019-07-20,,,,,,,3673.000,
2019-07-21,,,,,,,1698.000,
2019-07-22,,,1.000,,,,1994.000,
2019-07-23,,,1.000,,,,1307.000,
2019-07-24,,,2.000,,,,2375.000,
2019-07-25,,,2.000,,,,1386.000,
2019-07-26,,,1.000,,,,1895.000,
2019-07-27,,,1.000,,,,10249.000,
2019-07-28,,,,,,,5449.000,
2019-07-29,,,2.000,,,,6761.000,
2019-07-30,,,4.000,,,,6343.000,
2019-07-31,,,3.000,,,,6617.000,
2019-08-01,,,3.000,,,,3859.000,
2019-08-02,,,1.000,,,,6680.000,
2019-08-03,,,2.000,,,,12420.000,
2019-08-04,,,,,,,1441.000,
2019-08-05,,,1.000,,,,3953.000,
2019-08-06,,,,,,,4048.000,
2019-08-07,,,1.000,,,,1671.000,
2019-08-08,,,2.000,,,,4353.000,
2019-08-09,,,1.000,,,,1373.000,
2019-08-10,,,,,,,2205.000,
2019-08-11,,,1.000,,,,3291.000,
2019-08-12,,,1.000,,,,1906.000,
2019-08-13,,,,,,,1643.000,
2019-08-14,,,1.000,,,,1727.000,
2019-08-15,,,,,,,4689.000,
2019-08-16,,,,,,,4512.000,
2019-08-17,,,,,,,3322.000,
2019-08-18,,,,,,,2270.000,
2019-08-19,,,2.000,,,,4775.000,
2019-08-20,,,,,,,5032.000,
2019-08-21,,,,,,,1285.000,
2019-08-22,,,,,,,1570.000,
2019-08-23,,,,,,,1107.000,
2019-08-24,,,1.000,,,,2059.000,
2019-08-25,,,1.000,,,,1923.000,
2019-08-26,,,,,,,1108.000,
2019-08-27,,,,,,,850.000,
2019-08-28,,,,,,,864.000,
2019-08-29,,,,,,,1277.000,
2019-08-30,,,1.000,,,,3084.000,
2019-08-31,,,9.000,,,,14446.000,
2019-09-01,,,1.000,,,,2191.000,
2019-09-02,,,1.000,,,,571.000,
2019-09-03,,,2.000,,,,2077.000,
2019-09-04,,,1.000,,,,1776.000,
2019-09-05,,,2.000,,,,3600.000,
2019-09-06,,,,,,,2507.000,
2019-09-07,,,,,,,2680.000,
2019-09-08,,,3.000,,,,4956.000,
2019-09-09,,,1.000,,,,1187.000,
2019-09-10,,,1.000,,,,2234.000,
2019-09-11,,,1.000,,,,2463.000,
2019-09-12,,,,,,,2167.000,
2019-09-13,,,2.000,,,,1467.000,
2019-09-14,,,,,,,1650.000,
2019-09-15,,,,,,,1826.000,
2019-09-16,,,,,,,1824.000,
2019-09-17,,,1.000,,,,3913.000,
2019-09-18,,,,,,,1927.000,
2019-09-19,,,,,,,1924.000,
2019-09-20,,,1.000,,,,1426.000,
2019-09-21,,,2.000,,,,2136.000,
2019-09-22,,,2.000,,,,6966.000,
2019-09-23,,,1.000,,,,1183.000,
2019-09-24,,,1.000,,,,1703.000,
2019-09-25,,,,,,,1492.000,
2019-09-26,,,,,,,1703.000,
2019-09-27,,,1.000,,,,2726.000,
2019-09-28,,,3.000,,,,4886.000,
2019-09-29,,,6.000,,,,5039.000,
2019-09-30,,,1.000,,,,2338.000,
2019-10-01,,,,,,,734.000,
2019-10-02,,,1.000,,,,1403.000,
2019-10-03,,,1.000,,,,684.000,
2019-10-04,,,1.000,,,,2999.000,
2019-10-05,,,3.000,,,,2367.000,
2019-10-06,,,1.000,,,,1823.000,
2019-10-07,,,2.000,,,,1307.000,
2019-10-08,,,,,,,1669.000,
2019-10-09,,,,,,,1527.000,
2019-10-10,,,4.000,,,,3950.000,
2019-10-11,,,1.000,,,,1035.000,
2019-10-12,,,,,,,2284.000,
2019-10-13,,,1.000,,,,1939.000,
2019-10-14,,,,,,,1288.000,
2019-10-15,,,1.000,,,,1096.000,
2019-10-16,,,1.000,,,,1721.000,
2019-10-17,,,1.000,,,,1596.000,
2019-10-18,,,1.000,,,,2054.000,
2019-10-19,,,4.000,,,,3013.000,
2019-10-20,,,3.000,,,,2313.000,
2019-10-21,,,1.000,,,,1305.000,
2019-10-22,,,,,,,1109.000,
2019-10-23,,,3.000,,,,2452.000,
2019-10-24,,,,,,,2397.000,
2019-10-25,,,1.000,,,,1083.000,
2019-10-26,,,,,,,1247.000,
2019-10-27,,,1.000,,,,1415.000,
2019-10-28,,,,,,,827.000,
2019-10-29,,,1.000,,,,769.000,
2019-10-30,,,,,,,2618.000,
2019-10-31,,,1.000,,,,1535.000,
2019-11-01,,,,,,,5940.000,
2019-11-02,,,,,,,2909.000,
2019-11-03,,,,,,,2151.000,
2019-11-04,,,1.000,,,,1783.000,
2019-11-05,,,3.000,,,,4153.000,
2019-11-06,,,,,,,4807.000,
2019-11-07,,,,,,,3697.000,
2019-11-08,,,1.000,,,,1009.000,
2019-11-09,,,2.000,,,,4155.000,
2019-11-10,,,,,,,72.000,
2019-11-11,,,4.000,,,,2324.000,
2019-11-12,,,,,,,1644.000,
2019-11-13,,,,,,,2405.000,
2019-11-14,,,,,,,1398.000,
2019-11-15,,,,,,,1395.000,
2019-11-16,,,,,,,5952.000,
2019-11-17,,,,,,,190.000,
2019-11-18,,,,,,,1522.000,
2019-11-19,,,2.000,,,,1141.000,
2019-11-20,,,,,,,970.000,
2019-11-21,,,,,,,1624.000,
2019-11-22,,,4.000,,,,2015.000,
2019-11-23,,,1.000,,,,8315.000,
2019-11-24,,,1.000,,,,1050.000,
2019-11-25,,,2.000,,,,1167.000,
2019-11-26,,,,,,,1617.000,
2019-11-27,,,,,,,440.000,
2019-11-28,,,1.000,,,,1371.000,
2019-11-29,4.000,62.000,,87.357,76.000,97.000,10577.000,102.000
2019-11-30,18.000,27.000,3.000,82.635,67.000,291.000,13316.000,101.000
2019-12-01,18.000,33.000,2.000,79.198,64.000,241.000,15393.000,119.000
2019-12-02,18.000,43.000,11.000,73.539,62.000,212.000,12060.000,91.000
2019-12-03,16.000,31.000,1.000,73.370,63.000,144.000,8169.000,91.500
2019-12-04,16.000,14.000,9.000,77.235,61.000,195.000,8524.000,98.000
2019-12-05,18.000,14.000,7.000,75.214,63.000,164.000,9248.000,96.500
2019-12-06,16.000,2.000,9.000,74.216,65.000,152.000,8737.000,100.500
2019-12-07,17.000,8.000,4.000,70.474,59.000,180.000,10593.509,92.000
2019-12-08,15.000,33.000,28.000,79.707,60.000,225.000,14064.000,93.000
2019-12-09,16.000,14.000,4.000,70.434,60.000,151.000,8067.000,94.000
2019-12-10,14.000,12.000,1.000,72.228,57.000,120.000,7863.000,101.000
2019-12-11,15.000,16.000,3.000,76.825,65.000,141.000,8888.000,103.000
2019-12-12,15.000,19.000,3.000,76.500,66.000,112.000,8107.000,106.500
2019-12-13,17.000,8.000,3.000,75.313,61.000,144.000,8525.000,94.000
2019-12-14,19.000,20.000,22.000,84.245,67.000,294.000,14775.000,101.000
2019-12-15,11.000,4.000,4.000,81.232,56.000,144.000,7730.803,97.000
2019-12-16,17.000,30.000,7.000,78.306,65.000,193.000,12259.000,102.000
2019-12-17,16.000,8.000,2.000,71.801,61.000,122.000,8207.000,105.000
2019-12-18,16.000,3.000,3.000,75.019,62.000,107.000,5460.000,106.000
2019-12-19,17.000,5.000,2.000,74.130,68.000,104.000,5954.000,98.000
2019-12-20,17.000,9.000,11.000,74.668,55.000,208.000,12299.000,103.000
2019-12-21,15.000,12.000,2.000,75.789,56.000,148.000,8951.000,102.000
2019-12-22,16.000,7.000,10.000,69.850,55.000,209.000,6842.000,100.000
2019-12-23,14.000,14.000,3.000,71.743,56.000,235.000,13723.976,85.000
2019-12-24,14.000,43.000,2.000,75.261,56.000,195.000,13777.000,97.000
2019-12-25,14.000,15.000,1.000,84.221,57.000,371.000,16854.000,104.000
2019-12-26,15.000,11.000,4.000,66.653,56.000,194.000,7649.000,94.500
2019-12-27,13.000,7.000,1.000,74.945,56.000,90.000,5053.000,86.000
2019-12-28,14.000,4.000,1.000,74.338,58.000,125.000,5893.000,99.500
2019-12-29,16.000,5.000,,75.269,56.000,258.000,11494.000,106.000
2019-12-30,17.000,1.000,,67.406,56.000,149.000,5058.000,86.000
2019-12-31,19.000,6.000,2.000,68.289,55.000,229.000,9889.698,97.000
2020-01-01,15.000,10.000,,70.814,54.000,119.000,5547.000,75.000
2020-01-02,14.000,9.000,8.000,74.348,57.000,101.000,5652.196,102.000
2020-01-03,16.000,35.000,10.000,72.663,58.000,203.000,11036.000,88.000
2020-01-04,16.000,11.000,7.000,72.701,59.000,211.000,11979.000,90.500
2020-01-05,15.000,6.000,7.000,69.948,59.000,180.000,8060.000,96.000
2020-01-06,18.000,15.000,2.000,71.069,60.000,184.000,8810.000,104.000
2020-01-07,18.000,9.000,1.000,73.431,62.000,132.000,6334.000,100.000
2020-01-08,16.000,10.000,,72.923,61.000,128.000,7148.000,86.000
2020-01-09,19.000,4.000,,76.851,61.000,93.000,5565.269,100.000
2020-01-10,16.000,4.000,1.000,74.736,64.000,95.000,5867.731,102.000
2020-01-11,15.000,14.000,4.000,72.479,61.000,188.000,10311.000,92.500
2020-01-12,16.000,12.000,7.000,71.636,59.000,120.000,7293.000,95.500
2020-01-13,18.000,7.000,,76.863,59.000,152.000,8045.000,104.000
2020-01-14,17.000,9.000,1.000,71.118,61.000,98.000,6437.000,98.500
2020-01-15,15.000,7.000,1.000,70.897,60.000,79.000,5555.035,104.000
2020-01-16,18.000,6.000,1.000,71.561,62.000,127.000,6392.965,103.000
2020-01-17,15.000,13.000,8.000,75.797,65.000,119.000,7807.000,109.500
2020-01-18,17.000,5.000,6.000,75.985,62.000,149.000,8207.000,109.000
2020-01-19,14.000,10.000,3.000,78.541,64.000,169.000,9015.000,109.500
2020-01-20,17.000,12.000,1.000,76.828,67.000,157.000,7261.000,94.500
2020-01-21,19.000,44.000,2.000,77.934,66.000,213.000,11377.000,95.000
2020-01-22,15.000,15.000,1.000,76.449,62.000,126.000,7482.000,108.000
2020-01-23,17.000,12.000,2.000,78.161,65.000,114.000,7616.000,106.000
2020-01-24,17.000,10.000,1.000,82.080,64.000,130.000,7995.000,110.000
2020-01-25,16.000,7.000,3.000,71.339,57.000,159.000,8454.000,95.000
2020-01-26,16.000,30.000,6.000,81.453,60.000,177.000,9982.000,96.000
2020-01-27,15.000,38.000,3.000,83.129,65.000,150.000,8380.000,102.000
2020-01-28,18.000,38.000,,82.943,67.000,155.000,9481.000,95.000
2020-01-29,14.000,12.000,3.000,78.195,67.000,126.000,7503.000,109.000
2020-01-30,17.000,11.000,4.000,78.147,67.000,102.000,6138.000,106.000
2020-01-31,16.000,15.000,4.000,80.015,68.000,108.000,7506.000,111.000
2020-02-01,16.000,30.000,4.000,85.604,68.000,167.000,9751.000,106.000
2020-02-02,15.000,37.000,6.000,92.219,69.000,120.000,9932.534,134.000
2020-02-03,16.000,30.000,,81.815,66.000,126.000,9161.000,122.000
2020-02-04,15.000,15.000,2.000,77.880,67.000,112.000,7150.000,106.000
2020-02-05,17.000,11.000,1.000,78.168,68.000,130.000,7081.000,105.500
2020-02-06,16.000,11.000,2.000,77.017,62.000,122.000,6836.000,101.000
2020-02-07,16.000,5.000,2.000,75.932,62.000,158.000,8520.000,96.500
2020-02-08,16.000,44.000,10.000,84.497,61.000,191.000,12649.000,97.000
2020-02-09,17.000,33.000,4.000,82.438,60.000,169.000,12202.000,119.000
2020-02-10,17.000,34.000,3.000,81.467,64.000,147.000,10209.000,125.000
2020-02-11,19.000,30.000,3.000,80.831,65.000,147.000,9766.000,116.000
2020-02-12,16.000,39.000,5.000,77.855,66.000,114.000,7235.000,104.000
2020-02-13,16.000,34.000,,78.276,66.000,117.000,7242.000,97.500
2020-02-14,17.000,30.000,2.000,80.499,68.000,134.000,7358.000,102.000
2020-02-15,15.000,2.000,2.000,78.943,59.000,193.000,9640.000,112.000
2020-02-16,17.000,1.000,3.000,73.388,62.000,160.000,8093.147,101.000
2020-02-17,15.000,9.000,2.000,74.470,61.000,111.000,7788.731,95.500
2020-02-18,17.000,12.000,2.000,79.572,67.000,127.000,8259.269,111.000
2020-02-19,15.000,12.000,2.000,73.664,63.000,105.000,6609.000,99.000
2020-02-20,17.000,10.000,,79.825,69.000,104.000,6759.000,106.000
2020-02-21,14.000,11.000,1.000,78.923,69.000,102.000,6832.000,110.000
2020-02-22,16.000,7.000,2.000,79.689,69.000,139.000,7412.000,101.500
2020-02-23,15.000,7.000,5.000,78.329,67.000,206.000,10452.000,98.000
2020-02-24,15.000,14.000,3.000,75.813,62.000,121.000,7907.000,102.000
2020-02-25,16.000,14.000,2.000,75.499,63.000,136.000,8948.000,106.500
2020-02-26,16.000,14.000,5.000,78.647,64.000,135.000,7743.000,101.500
2020-02-27,18.000,15.000,8.000,76.801,68.000,129.000,8985.000,105.500
2020-02-28,16.000,21.000,10.000,79.511,67.000,201.000,10428.000,105.000
2020-02-29,17.000,30.000,10.071,82.838,60.000,312.000,14778.000,97.000
2020-03-01,17.000,11.000,5.000,75.896,63.000,197.000,9158.000,97.000
2020-03-02,15.000,35.000,4.000,89.729,59.000,157.000,11567.000,133.000
2020-03-03,14.000,30.000,2.000,75.585,60.000,137.000,9737.026,84.000
2020-03-04,16.000,34.000,2.000,78.249,57.000,151.000,9478.000,135.000
2020-03-05,15.000,30.000,1.000,72.385,58.000,126.000,7685.000,95.000
2020-03-06,17.000,3.000,7.000,65.725,54.000,145.000,6560.000,86.000
2020-03-07,16.000,7.000,2.000,68.549,53.000,194.000,10930.000,91.500
2020-03-08,17.000,42.000,1.000,71.067,54.000,235.000,14125.479,88.000
2020-03-09,17.000,14.000,4.000,66.134,53.000,150.000,7792.000,93.000
2020-03-10,18.000,12.000,1.000,66.429,55.000,156.000,7820.000,96.000
2020-03-11,18.000,19.000,2.000,72.899,59.000,137.000,9290.353,82.000
2020-03-12,15.000,9.000,2.000,72.026,61.000,157.000,8239.647,94.000
2020-03-13,15.000,1.000,,69.224,60.000,106.000,5567.000,89.500
2020-03-14,15.000,7.000,1.000,76.309,62.000,98.000,6838.099,97.000
2020-03-15,15.000,3.000,2.000,71.577,62.000,164.000,8164.000,92.000
2020-03-16,16.000,1.000,1.000,67.931,58.000,70.000,3608.000,92.500
2020-03-17,15.000,1.000,,71.419,61.000,79.000,5710.000,94.000
2020-03-18,15.000,33.000,,81.568,62.000,104.000,7820.000,99.000
2020-03-19,16.000,8.000,1.000,78.277,64.000,131.000,8625.000,109.000
2020-03-20,16.000,3.000,1.000,77.645,66.000,112.000,6464.000,107.000
2020-03-21,14.000,30.000,2.000,79.309,63.000,94.000,5732.614,105.500
2020-03-22,18.000,2.000,3.000,76.063,65.000,125.000,6495.000,92.500
2020-03-23,14.000,21.000,,83.405,61.000,135.000,8203.000,118.000
2020-03-24,16.000,5.000,1.000,71.623,61.000,78.000,4560.000,86.000
2020-03-25,14.000,,,71.041,60.000,101.000,5240.000,102.500
2020-03-26,15.000,6.000,2.000,70.978,60.000,75.000,3672.000,96.500
2020-03-27,17.000,37.000,3.000,87.670,65.000,142.000,9008.000,123.000
2020-03-28,17.000,4.000,3.000,74.001,63.000,136.000,6067.339,107.000
2020-03-29,16.000,4.000,8.000,72.315,59.000,157.000,7397.000,99.000
2020-03-30,15.000,3.000,2.000,71.045,59.000,72.000,4319.000,92.000
2020-03-31,17.000,31.000,4.000,67.894,57.000,98.000,5504.000,87.000
2020-04-01,16.000,6.000,2.000,68.632,56.000,91.000,5265.000,80.000
2020-04-02,18.000,1.000,1.000,70.997,61.000,127.000,6981.000,97.000
2020-04-03,16.000,,,71.102,60.000,83.000,4774.351,104.000
2020-04-04,15.000,34.000,10.000,80.895,60.000,140.000,8488.706,105.000
2020-04-05,17.000,47.000,14.000,89.396,62.000,209.000,12121.000,96.000
2020-04-06,15.000,6.000,1.000,71.109,58.000,104.000,4930.000,97.000
2020-04-07,19.000,,,67.053,59.000,94.000,4600.000,81.500
2020-04-08,17.000,33.970,5.000,79.216,64.000,116.000,7661.768,98.000
2020-04-09,16.000,11.030,4.000,74.741,60.000,93.000,4431.232,93.500
2020-04-10,19.000,5.000,7.000,75.123,61.000,121.000,6522.000,97.000
2020-04-11,16.000,5.000,11.739,79.945,59.000,169.000,7864.000,103.500
2020-04-12,16.000,6.000,7.000,69.589,57.000,98.000,6197.000,102.000
2020-04-13,15.000,4.000,3.000,69.698,60.000,88.000,4944.000,97.000
2020-04-14,14.000,4.000,2.000,70.885,58.000,76.000,4855.000,91.500
2020-04-15,13.000,1.000,,73.019,61.000,81.000,4898.000,112.000
2020-04-16,17.000,3.000,4.000,71.491,58.000,102.000,5235.000,102.000
2020-04-17,15.000,3.000,,74.363,62.000,78.000,4434.000,113.000
2020-04-18,16.000,8.000,1.000,78.489,67.000,120.000,7818.000,102.000
2020-04-19,17.000,10.000,11.000,73.816,60.000,122.000,6800.000,99.000
2020-04-20,15.000,6.000,,73.978,61.000,90.000,4698.000,111.000
2020-04-21,16.000,21.000,1.000,75.144,62.000,100.000,6638.000,106.000
2020-04-22,15.000,41.000,,85.307,61.000,108.000,6994.000,127.000
2020-04-23,16.000,35.000,1.000,78.064,60.000,95.000,6267.000,123.000
2020-04-24,12.000,16.000,1.000,79.573,60.000,61.000,4785.353,139.000
2020-04-25,15.000,14.000,11.000,78.600,60.000,191.000,9101.647,103.000
2020-04-26,18.000,8.000,16.000,70.340,58.000,129.000,6992.000,94.000
2020-04-27,18.000,,3.000,68.650,58.000,82.000,4943.298,98.000
2020-04-28,15.000,19.000,1.000,73.942,61.000,82.000,5488.000,102.000
2020-04-29,15.000,1.000,1.000,71.581,62.000,67.000,4443.000,105.000
2020-04-30,15.000,7.000,1.000,76.207,64.000,59.000,3749.000,103.000
2020-05-01,14.000,31.000,1.900,80.402,59.000,92.000,7013.000,112.000
2020-05-02,17.000,37.000,3.000,88.943,62.000,158.000,8963.000,105.500
2020-05-03,15.000,51.000,11.000,92.143,62.000,185.000,13146.000,102.500
2020-05-04,16.000,43.000,2.000,80.585,59.000,115.000,8568.000,93.000
2020-05-05,16.000,46.000,4.664,83.975,60.000,121.000,8693.000,92.000
2020-05-06,17.000,30.000,1.000,73.382,59.000,77.000,4130.000,98.500
2020-05-07,15.000,33.000,4.000,77.236,56.000,105.000,7622.000,94.000
2020-05-08,15.000,34.000,1.000,80.163,61.000,84.000,5712.383,89.000
2020-05-09,16.000,30.000,10.000,80.528,64.000,136.000,8280.000,119.500
2020-05-10,16.000,94.000,10.000,100.127,60.000,269.000,16367.000,132.000
2020-05-11,18.000,41.000,10.000,82.344,57.000,139.000,9449.000,101.500
2020-05-12,16.000,37.000,3.000,81.359,60.000,115.000,8562.980,113.000
2020-05-13,15.000,37.000,2.000,82.007,62.000,105.000,7363.020,102.000
2020-05-14,17.000,35.000,,77.829,60.000,80.000,6484.000,97.000
2020-05-15,18.000,37.000,8.000,89.917,64.000,140.000,7896.003,117.000
2020-05-16,15.000,72.000,10.846,97.481,67.000,177.000,13932.000,134.000
2020-05-17,17.000,30.000,22.647,75.801,56.000,139.000,8510.000,94.000
2020-05-18,14.000,41.000,1.000,81.214,61.000,97.000,7320.000,91.000
2020-05-19,18.000,70.000,2.000,89.174,61.000,148.000,11720.000,139.000
2020-05-20,18.000,69.000,,86.792,59.000,149.000,11431.000,129.000
2020-05-21,12.000,70.000,,90.153,60.000,142.000,10882.000,127.000
2020-05-22,16.000,73.000,1.000,88.536,56.000,153.000,11222.000,127.000
2020-05-23,16.000,83.000,5.382,99.522,60.000,220.000,13863.000,124.000
2020-05-24,17.000,56.000,24.000,83.179,53.000,239.000,13859.000,95.500
2020-05-25,16.000,62.000,15.621,89.851,60.000,228.000,12873.000,126.000
2020-05-26,17.000,70.000,4.000,82.932,57.000,160.000,11246.000,115.000
2020-05-27,17.000,103.000,11.000,88.225,58.000,222.000,14615.000,127.000
2020-05-28,16.000,66.000,,84.893,54.000,133.000,10807.000,120.000
2020-05-29,19.000,87.000,1.000,83.068,57.000,207.000,14499.000,113.000
2020-05-30,16.000,72.000,7.077,90.378,57.000,187.000,13933.000,124.000
2020-05-31,17.000,98.000,6.000,88.489,61.000,235.000,15196.000,118.000
2020-06-01,18.000,69.000,3.000,89.421,61.000,202.000,16276.000,104.000
2020-06-02,18.000,80.000,3.000,88.546,60.000,185.000,15514.692,119.000
2020-06-03,18.000,64.000,9.000,92.366,62.000,160.000,12661.000,125.000
2020-06-04,18.000,94.000,2.000,93.968,61.000,197.000,16621.000,122.000
2020-06-05,17.000,46.000,6.000,90.929,66.000,212.000,14196.000,120.000
2020-06-06,13.000,36.000,1.000,98.893,72.000,132.000,8377.000,141.000
2020-06-07,17.000,84.000,,90.781,55.000,233.000,11287.521,101.000
2020-06-08,18.000,95.000,,91.449,58.000,236.000,12169.479,113.000
2020-06-09,18.000,83.000,,84.945,56.000,161.000,11488.000,113.000
2020-06-10,17.000,86.000,1.000,90.864,58.000,228.000,15159.000,111.000
2020-06-11,17.000,55.000,,80.620,55.000,192.000,11980.000,108.000
2020-06-12,18.000,42.000,2.841,80.110,56.000,152.000,10377.000,106.000
2020-06-13,18.000,49.000,,77.532,54.000,208.000,15175.581,109.000
2020-06-14,17.000,90.000,,86.960,52.000,219.000,16269.000,116.000
2020-06-15,18.000,56.000,,74.961,51.000,200.000,11630.000,106.000
2020-06-16,18.000,72.000,,88.139,56.000,191.000,14081.000,111.000
2020-06-17,19.000,56.000,,81.067,58.000,151.000,11548.000,112.000
2020-06-18,15.000,34.000,,74.962,56.000,119.000,6928.000,92.000
2020-06-19,18.000,37.000,6.000,90.940,58.000,308.000,17057.000,108.000
2020-06-20,16.000,48.000,,87.907,56.000,255.000,14300.000,107.000
2020-06-21,17.000,96.000,,77.168,54.000,221.000,13197.000,104.000
2020-06-22,19.000,50.000,,81.674,53.000,171.000,10445.000,110.000
2020-06-23,16.000,31.000,,73.053,53.000,129.000,7372.000,116.000
2020-06-24,17.000,47.000,,77.801,53.000,115.000,6826.000,96.000
2020-06-25,19.000,38.000,,77.031,56.000,122.000,5661.000,90.500
2020-06-26,17.000,32.000,,74.135,53.000,141.000,7500.000,90.000
2020-06-27,17.000,33.000,,75.732,56.000,125.000,7593.000,96.500
2020-06-28,16.000,70.000,,89.449,59.000,126.000,5876.000,112.000
2020-06-29,16.000,38.000,4.630,85.523,66.000,190.000,8244.000,98.500
2020-06-30,19.000,60.000,2.000,70.390,60.000,167.000,6536.000,97.000
2020-07-01,16.000,97.000,3.000,92.208,58.000,161.000,14142.000,129.000
2020-07-02,16.000,53.000,2.000,89.402,62.000,144.000,11827.000,117.000
2020-07-03,16.000,56.000,2.000,92.510,65.000,187.000,12827.000,123.000
2020-07-04,17.000,63.000,6.000,82.361,54.000,180.000,14759.000,112.000
2020-07-05,16.000,107.000,3.185,95.184,54.000,233.000,18444.000,115.000
2020-07-06,18.000,94.000,3.000,86.585,55.000,207.000,15722.000,117.000
2020-07-07,17.000,92.000,7.000,85.951,57.000,183.000,14423.000,126.000
2020-07-08,17.000,72.000,1.000,85.667,56.000,129.000,11246.000,127.000
2020-07-09,16.000,95.000,2.000,98.342,66.000,170.000,11327.000,121.000
2020-07-10,17.000,79.000,3.000,90.273,56.000,179.000,12859.000,127.000
2020-07-11,16.000,108.000,5.000,96.790,60.000,421.000,21668.000,119.000
2020-07-12,17.000,80.000,7.000,84.732,56.000,258.000,17162.000,119.000
2020-07-13,17.000,82.000,,82.525,53.000,187.000,14639.000,110.000
2020-07-14,18.000,82.000,6.000,87.280,55.000,202.000,15364.000,113.000
2020-07-15,17.000,87.000,2.000,89.726,57.000,173.000,14543.692,120.000
2020-07-16,16.000,38.000,2.000,81.800,62.000,120.000,8410.120,105.000
2020-07-17,15.000,32.000,,77.968,62.000,88.000,5754.000,87.500
2020-07-18,16.000,31.000,5.986,77.467,50.000,160.000,8812.000,102.000
2020-07-19,19.000,32.000,7.000,74.636,54.000,202.000,8792.000,91.000
2020-07-20,16.000,41.000,1.000,71.978,54.000,137.000,8953.000,78.000
2020-07-21,17.000,35.000,7.000,77.732,57.000,159.000,9833.000,95.000
2020-07-22,17.000,31.000,1.000,74.906,55.000,131.000,7066.200,92.000
2020-07-23,14.000,32.000,2.000,69.083,55.000,74.000,5283.000,95.500
2020-07-24,14.000,30.000,,72.820,60.000,58.000,4423.000,97.000
2020-07-25,15.000,37.000,,87.382,61.000,119.000,5893.966,110.000
2020-07-26,16.000,32.000,5.000,79.530,63.000,147.000,7862.000,98.500
2020-07-27,16.000,75.000,2.000,86.383,59.000,189.000,13066.000,118.000
2020-07-28,16.000,95.000,1.000,94.950,60.000,145.000,13804.000,142.000
2020-07-29,17.000,45.000,2.000,80.178,63.000,113.000,8019.000,94.000
2020-07-30,15.000,80.000,9.000,91.857,62.000,152.000,12114.000,105.500
2020-07-31,16.000,113.000,1.000,86.582,59.000,160.000,13870.000,67.000
2020-08-01,15.000,34.000,2.000,70.317,59.000,82.000,4113.000,88.000
2020-08-02,17.000,138.000,6.000,103.669,59.000,281.000,11363.000,86.000
2020-08-03,18.000,30.000,2.000,67.222,51.000,106.000,7231.000,81.000
2020-08-04,15.000,30.000,1.000,75.745,57.000,149.000,8755.000,96.000
2020-08-05,15.000,32.000,3.000,73.091,59.000,91.000,5441.000,91.000
2020-08-06,16.000,54.000,3.000,87.562,61.000,145.000,11153.000,123.000
2020-08-07,16.000,85.000,1.000,90.419,55.000,182.000,13617.000,121.000
2020-08-08,15.000,30.000,,62.997,54.000,66.000,3602.000,79.000
2020-08-09,12.000,76.000,9.000,80.873,52.000,115.000,5612.000,93.000
2020-08-10,16.000,82.000,8.000,88.416,59.000,121.000,11700.000,122.000
2020-08-11,16.000,30.000,3.000,68.254,58.000,66.000,3820.000,112.000
2020-08-12,13.000,86.000,,70.892,61.000,54.000,3926.000,98.500
2020-08-13,15.000,38.000,4.000,72.909,61.000,81.000,5292.000,101.000
2020-08-14,16.000,33.000,,81.705,62.000,100.000,5286.000,98.000
2020-08-15,14.000,217.000,1.000,117.777,72.000,367.000,16230.000,104.000
2020-08-16,15.000,181.000,11.000,108.199,60.000,299.000,13473.000,104.000
2020-08-17,15.000,87.000,4.000,88.773,57.000,218.000,10295.000,98.000
2020-08-18,14.000,60.000,6.306,82.490,58.000,176.000,12669.000,105.000
2020-08-19,14.000,30.000,6.000,78.456,57.000,121.000,6919.000,98.000
2020-08-20,13.000,56.000,4.000,89.292,60.000,160.000,12432.000,107.000
2020-08-21,18.000,70.000,5.000,90.162,65.000,218.000,14986.000,111.000
2020-08-22,17.000,30.000,5.000,76.382,58.000,143.000,7020.875,96.000
2020-08-23,14.000,89.000,4.000,81.714,62.000,133.000,7144.000,90.000
2020-08-24,16.000,91.000,5.000,91.827,60.000,250.000,17127.000,114.000
2020-08-25,17.000,67.000,8.000,88.333,60.000,210.000,14852.000,111.000
2020-08-26,16.000,90.000,3.806,94.574,64.000,211.000,16443.000,118.000
2020-08-27,19.000,107.000,10.000,91.985,63.500,213.000,15478.047,109.000
2020-08-28,17.000,103.000,6.000,77.508,64.000,100.000,5392.858,108.500
2020-08-29,15.000,34.000,8.000,80.362,64.000,90.000,6554.000,100.000
2020-08-30,15.000,37.000,14.000,80.257,65.000,218.000,9093.000,101.500
2020-08-31,16.000,58.000,7.000,89.324,65.000,173.000,13122.000,115.000
2020-09-01,13.000,73.000,4.000,92.390,62.000,135.000,11927.000,119.000
2020-09-02,15.000,85.000,2.000,97.721,65.000,181.000,13559.000,124.000
2020-09-03,14.000,37.000,2.000,83.145,52.000,128.000,8961.000,124.000
2020-09-04,18.000,37.000,8.000,72.871,56.000,293.000,10757.000,86.000
2020-09-05,17.000,36.000,2.000,68.678,56.000,181.000,9177.000,89.000
2020-09-06,15.000,68.000,12.000,84.583,54.000,270.000,14238.000,111.500
2020-09-07,17.000,30.000,21.000,65.467,47.000,131.000,7041.000,89.500
2020-09-08,17.000,68.000,8.000,90.992,59.000,216.000,15339.000,118.000
2020-09-09,17.000,74.000,13.000,95.418,67.000,246.000,16651.000,111.000
2020-09-10,17.000,57.000,15.000,94.289,68.000,234.000,16465.000,108.000
2020-09-11,17.000,79.000,13.420,91.950,59.000,214.000,17054.000,117.000
2020-09-12,13.000,39.000,8.000,83.920,57.000,171.000,10357.000,111.000
2020-09-13,16.000,76.000,5.000,90.324,58.000,178.000,14466.000,114.000
2020-09-14,16.000,95.000,9.000,90.305,58.000,175.000,15823.000,120.000
2020-09-15,18.000,93.000,8.000,93.243,61.000,218.000,16509.000,117.000
2020-09-16,16.000,77.000,10.000,89.668,63.000,163.000,12431.000,118.000
2020-09-17,17.000,63.000,6.000,89.151,63.000,155.000,12968.000,119.000
2020-09-18,12.000,61.000,4.000,96.029,70.000,173.000,12500.728,121.000
2020-09-19,16.000,30.000,4.000,75.588,55.000,153.000,7633.000,96.500
2020-09-20,15.000,80.000,15.000,89.994,62.000,293.000,14171.209,119.000
2020-09-21,16.000,64.000,1.000,87.139,60.000,162.000,13005.000,122.000
2020-09-22,16.000,34.000,4.000,82.914,64.000,128.000,9631.000,108.000
2020-09-23,18.000,63.000,11.000,90.958,66.000,184.000,13859.000,124.000
2020-09-24,17.000,54.000,4.000,86.338,65.000,143.000,11633.000,116.000
2020-09-25,16.000,44.000,2.000,87.848,60.000,158.000,10821.000,123.000
2020-09-26,17.000,49.000,15.000,92.836,58.000,223.000,14651.000,119.000
2020-09-27,15.000,77.000,11.000,95.137,60.000,220.000,16789.000,116.000
2020-09-28,16.000,88.000,8.000,95.545,66.000,245.000,17704.000,122.000
2020-09-29,15.000,81.000,4.000,90.661,65.000,189.000,16281.000,119.000
2020-09-30,15.000,92.000,3.000,95.371,66.000,212.000,16172.000,119.000
2020-10-01,16.000,99.000,2.000,92.136,60.000,166.000,15001.000,121.000
2020-10-02,16.000,126.000,1.000,98.552,60.000,202.000,14851.000,120.000
2020-10-03,14.000,94.000,,99.666,68.000,334.000,12967.000,116.500
2020-10-04,12.000,50.000,2.000,82.972,57.000,133.000,9342.000,110.000
2020-10-05,17.000,34.000,,65.263,51.000,104.000,5755.789,79.000
2020-10-06,16.000,30.000,2.000,63.490,53.000,103.000,6262.049,87.000
2020-10-07,17.000,30.000,2.000,70.545,61.000,126.000,7368.000,104.000
2020-10-08,17.000,30.000,6.000,72.087,60.000,97.000,6318.000,94.000
2020-10-09,16.000,30.000,,74.030,60.000,86.000,4982.000,93.000
2020-10-10,14.000,37.000,4.000,83.110,60.000,139.000,10511.000,117.000
2020-10-11,14.000,60.000,3.000,86.709,61.000,289.000,12803.000,106.000
2020-10-12,17.000,39.000,4.000,79.933,58.000,117.000,8601.544,92.500
2020-10-13,17.000,38.000,,76.824,60.000,122.000,7733.000,90.000
2020-10-14,16.000,30.000,1.000,76.061,60.000,116.000,7398.000,110.500
2020-10-15,15.000,30.000,1.000,72.326,57.000,100.000,5420.000,98.000
2020-10-16,15.000,31.000,,72.083,58.000,101.000,5516.000,92.500
2020-10-17,14.000,43.000,9.000,76.588,55.000,177.000,10548.000,105.000
2020-10-18,14.000,30.000,6.000,69.480,56.000,106.000,6677.000,81.000
2020-10-19,17.000,37.000,,69.601,56.000,114.000,8990.000,94.000
2020-10-20,16.000,34.000,2.000,74.584,56.000,125.000,8984.000,103.500
2020-10-21,16.000,41.000,3.000,67.303,56.000,98.000,7499.000,79.000
2020-10-22,12.000,34.000,2.000,74.214,55.000,84.000,7079.000,108.000
2020-10-23,15.000,31.000,1.000,67.627,55.000,99.000,5364.021,89.000
2020-10-24,15.000,31.000,7.000,79.143,56.000,148.000,7690.979,93.500
2020-10-25,15.000,31.000,5.000,63.492,52.000,81.000,4445.000,87.000
2020-10-26,15.000,56.000,,76.408,54.000,136.000,8406.000,91.000
2020-10-27,17.000,54.000,1.000,69.736,54.000,96.000,5485.000,87.000
2020-10-28,15.000,50.000,2.000,74.691,60.000,64.000,4860.000,92.500
2020-10-29,13.000,72.000,2.000,76.385,61.000,71.000,4156.000,91.000
2020-10-30,15.000,70.000,,68.190,57.000,83.000,3783.000,91.000
2020-10-31,12.000,53.000,1.000,78.866,61.000,152.000,7480.000,84.000
2020-11-01,17.000,62.000,7.000,83.044,60.000,209.000,9661.000,84.500
2020-11-02,16.000,39.000,1.000,74.712,60.000,156.000,8630.000,91.000
2020-11-03,16.000,31.000,4.000,87.410,66.000,143.000,9736.000,125.000
2020-11-04,14.000,53.000,2.000,74.078,53.000,119.000,8730.000,109.000
2020-11-05,17.000,48.000,,71.260,53.000,142.000,9140.000,94.000
2020-11-06,14.000,32.000,1.000,69.517,60.000,84.000,4885.000,92.000
2020-11-07,14.000,39.000,2.000,67.279,50.000,114.000,5812.000,79.000
2020-11-08,16.000,35.000,11.000,84.498,62.000,169.000,11830.000,106.000
2020-11-09,15.000,32.000,2.000,75.179,66.000,93.000,5907.000,89.500
2020-11-10,18.000,50.000,1.000,83.105,65.000,182.000,11786.000,111.000
2020-11-11,14.000,42.000,4.000,82.015,62.000,107.000,9308.000,110.000
2020-11-12,16.000,69.000,2.000,84.229,64.000,183.000,12308.000,109.000
2020-11-13,16.000,36.000,4.000,84.385,61.000,143.000,10239.000,113.000
2020-11-14,14.000,44.000,9.000,87.361,55.000,250.000,14276.000,109.000
2020-11-15,14.000,44.000,14.000,82.004,56.000,185.000,9580.000,107.500
2020-11-16,15.000,38.000,12.000,81.721,62.000,171.000,7608.000,84.000
2020-11-17,18.000,30.000,17.000,75.329,60.000,220.000,8669.000,100.500
2020-11-18,14.000,37.000,3.000,74.455,61.000,81.000,4647.000,100.500
2020-11-19,17.000,54.000,3.000,75.719,62.000,138.000,8287.000,89.000
2020-11-20,13.000,35.000,2.000,75.486,59.000,116.000,8701.653,79.500
2020-11-21,15.000,40.000,9.000,80.125,64.000,182.000,10066.000,110.000
2020-11-22,17.000,41.000,5.000,87.614,62.000,209.000,12137.000,112.000
2020-11-23,17.000,36.000,1.000,72.373,61.000,106.000,6827.160,102.000
2020-11-24,17.000,36.000,7.000,71.480,54.000,152.000,9413.026,84.500
2020-11-25,17.000,33.000,10.000,78.470,57.000,242.000,12105.000,89.000
2020-11-26,17.000,32.000,8.000,79.084,65.000,148.000,10644.000,88.500
2020-11-27,15.000,34.000,1.000,67.401,46.000,121.000,8302.000,105.000
2020-11-28,17.000,39.000,23.000,72.246,50.000,157.000,7695.000,90.000
2020-11-29,17.000,49.000,5.000,82.703,53.000,147.000,13303.977,111.000
2020-11-30,17.000,32.000,10.753,70.817,54.000,150.000,9179.023,84.500
2020-12-01,17.000,42.000,,72.285,59.000,127.000,8083.000,86.000
2020-12-02,15.000,30.000,1.000,68.330,57.000,66.000,4476.266,97.000
2020-12-03,17.000,37.000,4.000,68.479,57.000,94.000,5186.000,90.000
2020-12-04,17.000,50.000,4.000,68.823,55.000,58.000,4426.000,75.000
2020-12-05,15.000,30.000,,69.603,54.000,145.000,8742.000,89.000
2020-12-06,18.000,30.000,25.000,77.259,59.000,165.000,10958.000,72.500
2020-12-07,13.000,39.000,,76.728,57.000,74.000,5018.000,93.000
2020-12-08,17.000,35.000,6.000,73.674,56.000,103.000,6061.000,87.500
2020-12-09,18.000,30.000,18.000,79.224,67.000,106.000,6436.000,113.000
2020-12-10,16.000,31.000,3.000,70.894,57.000,95.000,5523.000,82.000
2020-12-11,16.000,36.000,2.000,79.050,63.000,109.000,7051.000,104.500
2020-12-12,18.000,33.000,17.948,77.859,57.000,216.000,10718.000,98.000
2020-12-13,18.000,35.000,17.000,77.537,61.000,186.000,11468.000,102.000
2020-12-14,16.000,38.000,10.000,74.067,59.000,107.000,6055.000,92.000
2020-12-15,15.000,56.000,5.000,73.450,58.000,128.000,6918.000,95.000
2020-12-16,14.000,35.000,19.000,76.098,64.000,95.000,7247.491,99.000
2020-12-17,16.000,85.000,1.000,74.722,62.000,129.000,4699.509,98.000
2020-12-18,17.000,58.000,2.000,75.489,62.000,100.000,5833.000,109.000
2020-12-19,17.000,41.000,8.000,82.596,67.000,320.000,17893.000,99.000
2020-12-20,14.000,39.000,3.000,80.097,64.000,135.000,7831.000,102.000
2020-12-21,12.000,56.000,,73.962,64.000,67.000,2702.000,89.000
2020-12-22,14.000,31.000,2.000,75.735,60.000,108.000,5935.000,110.000
2020-12-23,17.000,32.000,,75.962,57.000,134.000,6085.000,90.000
2020-12-24,14.000,31.000,,81.596,63.000,100.000,6076.000,92.500
2020-12-25,16.000,34.000,2.000,80.951,60.000,157.000,7312.000,92.000
2020-12-26,14.000,42.000,4.000,89.060,64.000,162.000,8168.000,112.000
2020-12-27,12.000,77.000,3.000,87.245,62.000,79.000,5102.611,98.000
2020-12-28,17.000,51.000,,103.163,66.000,363.000,16735.000,122.000
2020-12-29,17.000,51.000,,84.086,57.000,249.000,10975.000,88.000
2020-12-30,15.000,48.000,,90.402,58.000,350.000,15008.000,101.500
2020-12-31,16.000,50.000,1.000,75.710,53.000,131.000,7087.000,94.000
2021-01-01,17.000,76.000,,85.211,52.000,204.000,9070.000,103.000
2021-01-02,14.000,30.000,,74.521,54.000,111.000,6488.000,96.000
2021-01-03,14.000,39.000,1.000,79.610,53.000,154.000,10595.000,110.000
2021-01-04,15.000,30.000,,70.797,55.000,71.000,4082.000,85.000
2021-01-05,17.000,38.000,,80.698,52.000,120.000,6663.000,88.500
2021-01-06,14.000,33.000,,66.885,55.000,94.000,5852.000,93.000
2021-01-07,14.000,32.000,,73.718,56.000,96.000,4701.000,93.000
2021-01-08,15.000,31.000,,69.720,55.000,90.000,4269.000,95.000
2021-01-09,17.000,30.000,,66.960,54.000,79.000,3691.000,91.000
2021-01-10,14.000,69.000,,85.607,54.000,211.000,9517.000,110.000
2021-01-11,16.000,30.000,,70.798,56.000,91.000,6878.000,111.000
2021-01-12,14.000,31.000,,76.716,56.000,120.000,7434.000,117.000
2021-01-13,15.000,31.000,,70.090,55.000,71.000,3358.000,100.000
2021-01-14,16.000,30.000,,75.014,54.000,130.000,7305.000,119.000
2021-01-15,14.000,47.000,,69.423,57.000,68.000,3694.000,95.000
2021-01-16,18.000,40.000,,68.606,55.000,87.000,5347.000,77.500
2021-01-17,16.000,33.000,,79.226,54.000,150.000,8158.000,115.000
2021-01-18,17.000,30.000,,74.860,56.000,111.000,4860.000,88.500
2021-01-19,16.000,31.000,,74.057,57.000,115.000,8732.000,107.000
2021-01-20,14.000,30.000,,71.784,55.000,116.000,6474.000,84.000
2021-01-21,17.000,30.000,,70.720,52.000,146.000,8476.000,116.000
2021-01-22,15.000,31.000,1.000,73.945,55.000,110.000,5757.000,106.000
2021-01-23,15.000,63.000,15.000,87.150,61.000,110.000,5339.740,85.500
2021-01-24,17.000,60.000,6.000,65.851,50.000,137.000,7218.000,90.000
2021-01-25,17.000,63.000,3.000,71.782,53.000,92.000,5009.000,96.500
2021-01-26,16.000,30.000,3.000,73.121,61.000,131.000,5496.000,110.000
2021-01-27,12.000,33.000,1.000,75.961,62.000,43.000,3194.000,85.500
2021-01-28,17.000,30.000,2.000,74.374,61.000,104.000,5722.000,107.000
2021-01-29,13.000,52.000,,73.724,58.000,45.000,3179.000,93.000
2021-01-30,12.000,30.000,4.000,79.141,65.000,123.000,6687.000,101.000
2021-01-31,18.000,30.000,6.000,74.526,61.000,125.000,6998.000,99.000
2021-02-01,17.000,32.000,1.000,79.942,65.000,120.000,7928.000,98.000
2021-02-02,17.000,42.000,6.000,81.122,65.000,140.000,7684.000,97.500
2021-02-03,14.000,30.000,2.000,78.749,66.000,70.000,4618.000,102.000
2021-02-04,14.000,46.000,,78.922,66.000,87.000,4968.000,124.000
2021-02-05,16.000,42.000,,80.016,64.000,96.000,5348.000,115.000
2021-02-06,14.000,33.000,4.000,83.707,67.000,125.000,5976.000,101.000
2021-02-07,14.000,59.000,10.000,83.958,62.000,145.000,8472.000,100.500
2021-02-08,18.000,30.000,4.000,71.527,60.000,89.000,5374.000,103.000
2021-02-09,19.000,44.000,6.000,78.469,58.000,132.000,9266.000,98.500
2021-02-10,16.000,35.000,4.000,90.677,70.000,180.000,10553.000,107.000
2021-02-11,17.000,30.000,,81.945,66.000,101.000,5992.000,94.500
2021-02-12,16.000,34.000,3.000,88.990,69.000,117.000,8563.000,109.500
2021-02-13,17.000,47.000,5.000,85.061,68.000,179.000,11834.804,100.000
2021-02-14,15.000,114.000,4.393,89.418,67.000,138.000,7904.000,98.000
2021-02-15,16.000,30.000,2.000,80.488,69.000,95.000,4703.000,111.500
2021-02-16,14.000,46.000,4.000,86.481,67.000,114.000,5875.000,94.000
2021-02-17,16.000,35.000,1.000,84.111,64.000,131.000,7565.000,101.000
2021-02-18,17.000,33.000,2.000,83.862,68.000,105.000,7236.000,107.000
2021-02-19,16.000,32.000,2.000,81.999,64.000,111.000,6847.000,101.000
2021-02-20,16.000,39.000,4.000,88.826,67.000,182.000,12809.000,104.000
2021-02-21,13.000,60.000,6.000,91.299,67.000,245.000,11838.000,98.000
2021-02-22,18.000,45.000,14.000,79.721,66.000,136.000,8065.000,103.000
2021-02-23,17.000,45.000,3.000,79.371,62.000,67.200,4176.000,101.000
2021-02-24,16.000,30.000,5.000,74.688,59.000,94.000,5545.000,107.500
2021-02-25,13.000,34.000,,84.077,66.000,110.000,7227.000,98.000
2021-02-26,16.000,34.000,,75.803,63.000,83.000,4549.000,104.000
2021-02-27,17.000,30.000,7.000,89.892,65.000,247.000,12526.000,121.000
2021-02-28,17.000,36.000,6.000,82.080,63.000,130.000,7813.000,96.500
2021-03-01,17.000,34.000,1.000,85.307,61.000,144.000,8278.000,100.000
2021-03-02,15.000,43.000,3.000,83.225,65.000,135.000,7783.000,106.000
2021-03-03,14.000,45.000,4.000,81.126,62.000,97.000,6817.000,101.000
2021-03-04,17.000,40.000,,72.551,62.000,64.000,3676.000,95.000
2021-03-05,15.000,30.000,,73.438,62.000,66.000,3445.000,96.000
2021-03-06,18.000,53.000,7.000,75.487,58.000,154.000,8091.000,96.000
2021-03-07,14.000,49.000,6.000,83.301,63.000,146.000,6759.000,102.000
2021-03-08,15.000,33.000,1.000,79.614,62.000,94.000,7380.208,96.000
2021-03-09,17.000,35.000,4.000,78.200,59.000,115.000,8818.000,120.000
2021-03-10,17.000,34.000,3.000,85.978,66.000,100.000,7678.000,123.000
2021-03-11,12.000,33.000,,78.011,65.000,48.000,3246.000,94.000
2021-03-12,17.000,42.000,1.000,84.992,63.000,115.000,8401.000,120.000
2021-03-13,14.000,44.000,1.000,93.241,64.000,166.000,11602.000,128.000
2021-03-14,16.000,41.000,7.000,85.390,62.000,182.000,12032.000,119.000
2021-03-15,14.000,43.000,3.000,79.117,56.000,98.000,7881.000,93.500
2021-03-16,17.000,47.000,11.000,91.428,60.000,155.000,11752.000,122.000
2021-03-17,16.000,30.000,2.000,76.094,62.000,78.000,5022.000,99.000
2021-03-18,15.000,36.000,1.000,73.210,61.000,83.000,4767.062,100.000
2021-03-19,13.000,30.000,,72.322,58.000,60.000,3746.000,97.500
2021-03-20,15.000,32.000,3.000,77.095,58.000,74.000,4920.000,99.000
2021-03-21,13.000,38.000,12.591,88.791,59.000,145.000,11165.000,116.000
2021-03-22,14.000,33.000,10.000,88.983,64.000,168.000,11929.474,117.000
2021-03-23,18.000,30.000,2.000,81.115,60.000,125.000,10774.000,106.000
2021-03-24,15.000,31.000,3.000,88.346,64.000,99.000,7670.000,129.000
2021-03-25,14.000,38.000,,83.250,62.000,87.000,8123.000,122.000
2021-03-26,17.000,38.000,9.584,84.547,60.000,142.000,11141.000,127.000
2021-03-27,14.000,43.000,12.000,98.402,62.000,211.000,12256.000,126.000
2021-03-28,15.000,43.000,4.000,72.522,57.000,147.000,9632.000,112.500
2021-03-29,16.000,33.000,6.000,86.330,60.000,102.000,7908.000,130.000
2021-03-30,17.000,42.000,5.000,85.412,63.000,126.000,10944.000,113.000
2021-03-31,17.000,62.000,2.000,89.869,64.000,140.000,11537.000,125.000
2021-04-01,15.000,70.000,4.000,90.857,62.000,166.000,11673.000,136.000
2021-04-02,17.000,37.000,5.000,84.115,61.000,153.000,10054.000,130.000
2021-04-03,16.000,30.000,2.000,72.320,58.000,118.000,7728.000,82.000
2021-04-04,16.000,30.000,11.000,78.567,57.000,168.000,9446.000,115.000
2021-04-05,15.000,35.000,5.000,80.979,55.000,101.000,8591.000,133.000
2021-04-06,17.000,71.000,3.000,82.213,58.000,153.000,10517.000,114.000
2021-04-07,17.000,94.000,4.000,92.269,61.000,173.000,11272.000,125.000
2021-04-08,16.000,36.000,,81.330,57.000,118.000,9791.000,114.000
2021-04-09,16.000,37.000,,82.698,58.000,104.000,8364.000,126.000
2021-04-10,16.000,47.000,7.000,85.541,57.000,175.000,12400.000,128.000
2021-04-11,14.000,35.000,5.000,85.369,56.000,186.000,12121.000,122.000
2021-04-12,17.000,40.000,1.000,75.182,56.000,141.000,10512.000,130.000
2021-04-13,16.000,31.000,1.000,71.318,53.000,112.000,7399.000,82.000
2021-04-14,16.000,62.000,3.000,68.823,57.000,77.000,4531.000,93.000
2021-04-15,16.000,32.000,,80.918,67.000,67.000,3582.000,98.000
2021-04-16,16.000,45.000,6.000,78.299,60.000,156.000,7790.000,95.000
2021-04-17,14.000,31.000,6.000,77.120,58.000,141.000,7853.000,91.000
2021-04-18,16.000,40.000,5.000,81.196,60.000,157.000,10134.000,88.500
2021-04-19,16.000,31.000,7.000,72.317,56.000,91.000,6951.000,94.000
2021-04-20,15.000,36.000,5.000,71.316,56.000,67.000,5302.000,98.500
2021-04-21,17.000,52.000,3.000,77.458,53.000,122.000,10037.000,96.000
2021-04-22,17.000,50.000,2.000,82.994,58.000,152.000,11072.000,102.000
2021-04-23,18.000,56.000,2.000,81.697,56.000,136.000,10094.000,108.000
2021-04-24,14.000,49.000,6.000,85.718,65.000,174.000,10931.000,94.500
2021-04-25,16.000,51.000,4.000,83.710,60.000,176.000,8613.000,91.000
2021-04-26,16.000,35.000,5.000,71.187,51.000,111.000,7005.000,92.000
2021-04-27,19.000,43.000,10.000,81.193,62.000,201.000,11953.163,101.500
2021-04-28,16.000,39.000,1.000,73.368,59.000,146.000,7626.000,96.000
2021-04-29,17.000,30.000,6.000,73.391,56.000,121.000,8160.000,89.000
2021-04-30,14.000,36.000,4.000,81.933,61.000,125.000,8384.000,92.000
2021-05-01,17.000,48.000,6.000,85.087,55.000,192.000,11284.000,107.500
2021-05-02,16.000,30.000,14.987,75.922,64.000,188.000,8946.000,93.000
2021-05-03,17.000,82.000,11.000,87.925,57.000,152.000,12296.000,101.500
2021-05-04,16.000,73.000,1.000,84.010,60.000,132.000,9028.000,87.000
2021-05-05,17.000,66.000,5.000,85.569,60.000,142.000,9471.000,97.000
2021-05-06,17.000,62.000,5.000,86.764,59.000,134.000,10073.000,99.000
2021-05-07,15.000,77.000,5.000,82.032,57.000,155.000,9848.000,94.500
2021-05-08,16.000,40.000,10.000,83.522,61.000,203.000,10887.000,97.000
2021-05-09,18.000,30.000,8.000,75.927,54.000,168.000,10103.000,97.000
2021-05-10,15.000,61.000,1.000,81.151,57.000,148.000,10219.000,90.500
2021-05-11,16.000,57.000,5.000,82.912,63.000,161.000,10629.000,101.000
2021-05-12,16.000,43.000,3.000,71.653,56.000,67.000,4147.000,96.000
2021-05-13,15.000,32.000,1.000,86.891,60.000,158.000,11419.000,107.000
2021-05-14,16.000,54.000,1.000,86.478,59.000,122.000,7949.000,109.000
2021-05-15,15.000,38.000,5.000,75.165,58.000,112.000,6157.332,102.000
2021-05-16,16.000,48.000,5.000,71.713,59.000,155.000,7650.866,100.500
2021-05-17,16.000,30.000,1.000,64.677,53.000,75.000,4187.000,88.000
2021-05-18,17.000,31.000,4.000,77.363,55.000,106.000,5564.000,95.000
2021-05-19,15.000,36.000,4.000,83.383,59.000,163.000,9020.000,98.500
2021-05-20,16.000,37.000,1.000,79.491,57.000,154.000,8048.000,97.500
2021-05-21,15.000,34.000,2.000,76.426,57.000,85.000,5741.000,91.500
2021-05-22,18.000,45.000,10.000,82.512,59.000,204.000,10763.000,95.000
2021-05-23,15.000,40.000,8.000,88.697,62.000,272.000,12460.000,99.000
2021-05-24,17.000,79.000,8.000,87.426,55.000,212.000,10496.000,97.500
2021-05-25,18.000,49.000,2.000,82.506,58.000,172.000,9648.000,102.000
2021-05-26,17.000,71.000,15.000,83.537,56.000,215.000,10676.000,102.000
2021-05-27,16.000,43.000,5.000,78.922,57.000,150.000,7901.000,91.500
2021-05-28,17.000,66.000,11.000,85.056,58.000,161.000,8993.000,102.500
2021-05-29,12.000,48.000,3.000,78.831,55.000,104.000,5669.000,89.000
2021-05-30,17.000,31.000,13.000,68.313,52.000,189.000,8470.000,93.000
2021-05-31,16.000,66.000,9.000,83.469,58.000,223.000,10785.000,99.000
2021-06-01,15.000,62.000,6.000,86.517,56.000,145.000,11410.000,128.000
2021-06-02,14.000,70.000,1.000,86.916,59.000,133.000,11269.000,115.000
2021-06-03,15.000,53.000,2.000,83.311,59.000,143.000,9666.000,107.000
2021-06-04,16.000,63.000,2.000,93.645,62.000,152.000,11135.000,136.000
2021-06-05,13.000,36.000,3.000,79.010,56.000,146.000,7231.000,104.000
2021-06-06,16.000,34.000,9.000,78.177,60.000,183.000,8231.000,101.000
2021-06-07,17.000,30.000,2.000,70.308,52.000,122.000,5370.000,93.000
2021-06-08,16.000,43.000,7.000,85.758,63.000,155.000,9341.000,107.000
2021-06-09,14.000,39.000,3.000,86.649,60.000,123.000,7608.000,100.500
2021-06-10,17.000,30.000,,71.803,58.000,105.000,4559.000,99.000
2021-06-11,17.000,48.000,5.000,81.286,61.000,125.000,6361.000,106.000
2021-06-12,15.000,31.000,9.000,86.139,71.000,146.000,6928.000,112.000
2021-06-13,17.000,30.000,10.000,83.475,66.000,136.000,6792.000,106.500
2021-06-14,14.000,30.000,2.000,69.709,57.000,78.000,4019.000,115.000
2021-06-15,15.000,30.000,2.000,70.011,56.000,83.000,4976.000,114.000
2021-06-16,14.000,30.000,1.000,75.784,58.000,85.000,4750.000,98.000
2021-06-17,16.000,60.000,2.000,81.902,58.000,148.000,5681.009,111.000
2021-06-18,15.000,36.000,1.000,70.161,60.000,79.000,5094.991,94.000
2021-06-19,16.000,37.000,3.000,79.728,56.000,144.000,9704.000,114.000
2021-06-20,14.000,57.000,6.000,97.914,55.000,219.000,12393.000,119.000
2021-06-21,16.000,40.000,1.000,68.570,59.000,81.000,4570.000,90.000
2021-06-22,18.000,33.000,4.000,80.483,56.000,128.000,9117.000,117.000
2021-06-23,17.000,30.000,3.000,91.596,67.000,120.000,6799.000,107.000
2021-06-24,16.000,30.000,3.000,74.598,60.000,144.000,7541.000,102.000
2021-06-25,17.000,30.000,,73.047,57.000,83.000,4863.000,91.500
2021-06-26,16.000,44.000,14.000,81.885,53.000,190.000,11710.000,118.000
2021-06-27,18.000,51.000,21.000,89.077,61.000,405.000,18007.000,110.000
2021-06-28,15.000,33.000,7.000,72.432,58.000,211.000,9499.000,89.000
2021-06-29,17.000,44.000,6.000,82.102,57.000,191.000,10313.000,114.000
2021-06-30,14.000,42.000,5.000,80.572,56.000,124.000,8980.000,117.000
2021-07-01,18.000,48.000,12.000,80.836,54.000,140.000,9407.414,122.500
2021-07-02,17.000,31.000,9.000,69.967,54.000,139.000,7718.000,96.000
2021-07-03,16.000,30.000,5.000,82.016,58.000,211.000,10296.936,102.000
2021-07-04,16.000,37.000,13.605,89.178,61.000,344.000,13943.000,111.500
2021-07-05,16.000,40.000,9.000,88.118,65.000,244.000,12250.000,91.000
2021-07-06,15.000,52.000,1.000,83.113,59.000,180.000,10866.181,93.000
2021-07-07,14.000,44.000,4.034,83.651,57.000,164.000,9868.000,107.000
2021-07-08,16.000,47.000,5.000,78.949,56.000,138.000,9391.000,99.500
2021-07-09,16.000,38.000,12.000,74.561,52.000,127.000,6181.000,101.500
2021-07-10,14.000,44.000,3.000,72.755,56.000,119.000,5262.000,88.000
2021-07-11,16.000,34.000,4.000,72.661,54.000,175.000,9316.000,108.500
2021-07-12,17.000,35.000,2.000,72.991,55.000,132.000,8141.000,95.500
2021-07-13,17.000,30.000,2.000,67.641,56.000,148.000,6961.000,85.000
2021-07-14,15.000,31.000,1.000,69.959,55.000,116.000,6486.000,101.000
2021-07-15,16.000,30.000,5.000,68.081,54.000,155.000,8038.000,102.000
2021-07-16,14.000,30.000,3.000,74.097,52.000,71.000,4575.000,94.500
2021-07-17,16.000,30.000,8.000,73.754,52.000,167.000,9212.000,98.000
2021-07-18,15.000,43.000,9.000,71.381,49.000,104.000,5629.000,94.000
2021-07-19,16.000,39.000,,84.447,57.000,130.000,9685.000,122.000
2021-07-20,17.000,69.000,3.000,81.766,56.000,172.000,8287.000,95.000
2021-07-21,17.000,38.000,3.000,67.898,58.000,93.000,5099.000,88.500
2021-07-22,17.000,55.000,3.000,73.591,57.000,139.000,7340.000,96.000
2021-07-23,16.000,31.000,4.000,81.592,59.000,135.000,6611.205,97.000
2021-07-24,14.000,67.000,15.000,85.673,56.000,290.000,13288.000,81.000
2021-07-25,17.000,41.000,9.000,75.453,55.000,157.000,6895.000,94.000
2021-07-26,14.000,30.000,,70.010,56.000,122.000,6499.000,92.500
2021-07-27,16.000,32.000,4.000,77.025,57.000,147.000,8284.000,101.000
2021-07-28,16.000,32.000,6.000,78.839,55.000,170.000,10053.000,98.000
2021-07-29,14.000,30.000,6.000,72.749,55.000,182.000,9379.000,91.000
2021-07-30,16.000,32.000,5.000,65.914,55.000,142.000,6607.000,82.000
2021-07-31,16.000,44.000,9.000,80.890,52.000,166.000,9695.000,93.000
2021-08-01,18.000,42.000,6.000,79.030,54.000,217.000,13490.000,97.000
2021-08-02,17.000,40.000,3.000,79.615,54.000,153.000,9800.000,98.500
2021-08-03,16.000,30.000,2.000,78.270,55.000,151.000,8456.921,103.000
2021-08-04,16.000,31.000,2.000,76.423,57.000,117.000,7316.000,93.000
2021-08-05,17.000,31.000,2.000,77.450,59.000,159.000,9467.000,92.000
2021-08-06,16.000,38.000,2.000,66.199,53.000,88.000,5035.000,78.000
2021-08-07,14.000,45.000,5.000,86.418,58.000,202.000,11269.000,108.000
2021-08-08,16.000,83.000,4.000,88.459,56.000,197.000,10882.000,114.000
2021-08-09,17.000,36.000,4.000,78.719,60.000,164.000,9409.000,100.000
2021-08-10,16.000,34.000,1.000,75.696,56.000,141.000,8486.013,96.000
2021-08-11,16.000,30.000,1.000,70.157,57.000,118.000,7235.987,101.000
2021-08-12,19.000,30.000,1.000,78.863,58.000,116.000,7440.000,99.500
2021-08-13,15.000,30.000,9.000,69.715,57.000,67.000,4270.000,91.000
2021-08-14,14.000,44.000,5.000,91.478,56.000,192.000,11979.000,117.000
2021-08-15,17.000,42.000,3.000,72.524,55.000,151.000,8376.000,83.000
2021-08-16,15.000,31.000,5.000,68.019,52.000,141.000,8174.000,102.000
2021-08-17,17.000,39.000,,68.017,54.000,126.000,7125.000,95.000
2021-08-18,16.000,31.000,,69.919,56.000,126.000,5860.000,98.000
2021-08-19,16.000,43.000,1.000,76.353,56.000,148.000,9734.000,93.000
2021-08-20,15.000,52.000,,67.514,53.000,52.000,3178.000,88.000
2021-08-21,15.000,41.000,12.000,86.179,62.000,194.000,10323.000,101.000
2021-08-22,16.000,40.000,9.000,75.922,54.000,213.000,11697.000,84.500
2021-08-23,15.000,74.000,1.000,73.925,55.000,114.000,6948.000,94.000
2021-08-24,15.000,42.000,1.000,83.750,56.000,158.000,8610.000,91.000
2021-08-25,16.000,42.000,1.000,78.529,57.000,137.000,8502.000,100.000
2021-08-26,18.000,41.000,,82.163,56.000,148.000,8518.000,100.500
2021-08-27,17.000,37.000,2.000,75.776,61.000,158.000,7126.000,96.000
2021-08-28,16.000,35.000,3.000,85.466,58.000,229.000,13021.000,118.000
2021-08-29,16.000,32.000,,78.670,54.000,224.000,9042.000,109.000
2021-08-30,17.000,45.000,,84.452,51.000,232.000,8316.000,91.000
2021-08-31,15.000,54.000,,78.117,57.000,217.000,10901.000,88.000
2021-09-01,16.000,48.000,,83.001,54.000,257.000,9432.000,80.000
2021-09-02,16.000,81.000,,92.582,54.000,208.000,9108.000,104.000
2021-09-03,16.000,33.000,,74.183,48.000,140.000,5310.000,94.500
2021-09-04,16.000,69.000,,81.491,48.000,195.000,9816.000,81.000
2021-09-05,16.000,31.000,,68.527,50.000,177.000,6599.000,80.500
2021-09-06,17.000,31.000,,73.665,54.000,202.000,7451.000,93.000
2021-09-07,16.000,36.000,,71.578,51.000,117.000,5697.000,83.000
2021-09-08,16.000,30.000,,65.248,47.000,135.000,4596.250,86.000
2021-09-09,15.000,96.000,,94.203,54.000,175.000,8307.000,106.000
2021-09-10,16.000,46.000,1.000,74.285,57.000,104.000,5146.000,84.500
2021-09-11,15.000,47.000,3.000,89.796,63.000,150.000,8623.000,102.500
2021-09-12,15.000,50.000,14.000,74.454,57.000,260.000,11019.000,82.500
2021-09-13,16.000,55.000,1.000,68.072,54.000,122.000,6747.000,91.000
2021-09-14,17.000,30.000,4.000,78.811,62.000,124.000,6981.000,100.500
2021-09-15,17.000,30.000,3.000,76.014,63.000,179.000,9254.000,102.000
2021-09-16,17.000,59.000,2.000,72.664,62.000,98.000,5442.000,101.500
2021-09-17,16.000,30.000,3.000,71.330,58.000,108.000,5438.000,96.000
2021-09-18,16.000,30.000,5.000,76.705,57.000,113.000,6886.000,115.000
2021-09-19,17.000,35.000,3.000,79.381,62.000,206.000,10367.000,99.000
2021-09-20,15.000,48.000,3.000,94.348,59.000,172.000,11690.000,114.000
2021-09-21,16.000,16.000,3.000,74.542,62.000,157.000,7622.000,96.500
2021-09-22,15.000,69.000,3.000,89.079,70.000,186.000,10459.000,109.000
2021-09-23,14.000,32.000,,73.069,59.000,69.000,3661.000,89.000
2021-09-24,15.000,39.000,1.000,71.635,59.000,81.000,4527.000,87.000
2021-09-25,16.000,33.000,5.000,69.857,53.000,86.000,5073.000,84.500
2021-09-26,19.000,82.000,4.000,69.621,59.000,93.000,4086.000,90.500
2021-09-27,16.000,13.000,,74.461,63.000,107.000,5773.000,96.000
2021-09-28,16.000,10.000,1.000,79.438,62.000,111.000,5726.000,108.500
2021-09-29,17.000,10.000,1.000,74.374,63.000,125.000,5099.000,100.500
2021-09-30,16.000,11.000,1.000,70.832,59.000,128.000,5709.000,86.000
2021-10-01,17.000,38.000,5.000,89.184,63.000,190.000,10529.000,130.000
2021-10-02,15.000,52.000,17.000,87.221,69.000,189.000,8763.000,115.500
2021-10-03,17.000,37.000,3.000,83.748,60.000,184.000,11862.000,133.000
2021-10-04,16.000,30.000,1.000,75.802,55.000,126.000,6243.000,94.000
2021-10-05,17.000,30.000,3.000,74.901,57.000,126.000,6729.000,108.500
2021-10-06,15.000,10.000,1.000,75.261,61.000,105.000,6144.000,101.500
2021-10-07,15.000,12.000,2.000,74.509,63.000,99.000,5237.000,95.000
2021-10-08,16.000,12.000,9.245,76.133,64.000,109.000,6612.000,100.000
2021-10-09,15.000,11.000,9.000,80.821,67.000,201.000,9059.000,91.500
2021-10-10,15.000,43.000,7.000,86.538,61.000,313.000,13590.000,103.000
2021-10-11,15.000,32.000,3.000,77.217,58.000,128.000,7741.542,91.000
2021-10-12,16.000,67.000,5.000,82.643,54.000,190.000,10469.000,92.000
2021-10-13,16.000,30.000,8.878,77.030,58.000,134.000,7090.000,102.000
2021-10-14,17.000,30.000,,77.935,62.000,126.000,6984.000,101.000
2021-10-15,18.000,37.000,2.847,74.834,61.000,101.000,5411.000,97.000
2021-10-16,16.000,38.000,3.000,88.994,59.000,146.000,8813.000,142.000
2021-10-17,17.000,10.000,1.000,73.075,61.000,132.000,6195.000,66.000
2021-10-18,14.000,13.000,,75.940,61.000,113.000,6637.000,104.000
2021-10-19,16.000,16.000,1.000,72.055,60.000,101.000,5499.000,102.000
2021-10-20,17.000,15.000,1.000,75.618,64.000,112.000,7498.000,93.500
2021-10-21,15.000,12.000,2.000,73.202,59.000,92.000,5354.000,104.500
2021-10-22,15.000,14.000,2.000,81.634,62.000,135.000,8040.000,108.500
2021-10-23,16.000,14.000,3.000,79.595,66.000,171.000,8202.000,97.500
2021-10-24,17.000,45.000,6.000,81.816,63.000,201.000,11252.000,99.000
2021-10-25,16.000,13.000,,75.615,62.000,116.000,7274.000,105.500
2021-10-26,18.000,13.000,,74.573,61.000,133.000,7403.000,106.000
2021-10-27,16.000,11.000,1.000,71.461,59.000,132.000,6657.000,91.000
2021-10-28,15.000,18.000,2.000,74.723,61.000,99.000,6200.000,97.500
2021-10-29,17.000,27.000,6.000,76.313,62.000,124.000,6771.000,99.000
2021-10-30,14.000,29.000,2.000,77.335,63.000,124.000,7659.000,107.000
2021-10-31,17.000,42.000,6.000,79.639,57.000,182.000,9056.628,90.500
2021-11-01,15.000,23.000,,74.896,59.000,110.000,6176.000,96.000
2021-11-02,17.000,20.000,2.000,77.375,66.000,103.000,5501.000,102.000
2021-11-03,16.000,27.000,1.000,74.149,60.000,129.000,6134.000,100.500
2021-11-04,16.000,20.000,,75.193,61.000,97.000,5716.000,99.000
2021-11-05,14.000,15.000,2.000,74.688,61.000,87.000,4808.000,101.500
2021-11-06,13.000,55.000,,77.118,62.000,88.000,4362.000,102.000
2021-11-07,15.000,18.000,13.000,83.198,64.000,155.000,7923.000,97.000
2021-11-08,14.000,15.000,1.000,77.751,62.000,72.000,4263.000,100.000
2021-11-09,17.000,16.000,4.000,79.606,63.000,200.000,9812.125,112.000
2021-11-10,18.000,39.000,5.000,84.096,61.000,185.000,7925.875,118.000
2021-11-11,18.000,32.000,4.000,78.483,62.000,217.000,10686.000,94.000
2021-11-12,18.000,48.000,8.000,87.576,63.000,189.000,10808.000,106.000
2021-11-13,14.000,23.000,3.000,79.836,54.000,147.000,6395.000,95.000
2021-11-14,12.000,15.000,1.000,78.596,66.000,116.000,5424.000,106.000
2021-11-15,14.000,34.000,2.000,77.615,55.000,137.000,8233.000,94.000
2021-11-16,13.000,16.000,,76.869,65.000,99.000,5262.000,105.500
2021-11-17,15.000,16.000,3.000,78.006,62.000,146.000,7044.000,109.500
2021-11-18,18.000,15.000,3.000,75.326,65.000,123.000,7151.000,101.500
2021-11-19,13.000,26.000,4.000,76.256,65.000,106.000,5339.000,98.000
2021-11-20,16.000,21.000,,75.949,56.000,121.000,5473.000,98.500
2021-11-21,17.000,21.000,3.000,77.283,65.000,131.000,6518.000,106.500
2021-11-22,12.000,18.000,2.000,80.051,65.000,95.000,6945.000,108.000
2021-11-23,13.000,24.000,,70.589,59.000,41.000,2865.000,89.000
2021-11-24,14.000,7.425,3.000,77.087,65.000,90.000,4624.035,109.000
2021-11-25,12.000,12.575,7.000,85.185,69.000,147.000,8081.000,119.500
2021-11-26,14.000,5.000,2.000,70.565,61.000,67.000,3885.000,82.000
2021-11-27,15.000,4.000,,75.937,63.000,74.000,4468.000,108.500
2021-11-28,16.000,7.000,6.000,74.589,63.000,68.000,4402.000,105.000
2021-11-29,17.000,12.000,,80.124,67.000,147.000,7301.000,106.000
2021-11-30,12.000,,,87.290,76.000,73.000,3855.000,103.500
2021-12-01,13.000,11.000,1.000,82.037,75.000,51.000,2550.000,104.000
2021-12-02,14.000,4.000,4.000,77.149,67.000,84.000,4082.000,104.000
2021-12-03,11.000,4.000,2.000,83.000,70.000,41.000,2591.878,114.000
2021-12-04,12.000,7.000,,84.269,72.000,76.000,5054.000,111.000
2021-12-05,15.000,14.000,13.000,74.558,61.000,166.000,9916.000,89.000
2021-12-06,16.000,17.000,7.000,75.511,63.000,117.000,7296.000,101.000
2021-12-07,16.000,5.000,6.000,71.063,58.000,98.000,6482.000,98.000
2021-12-08,14.000,4.000,2.000,70.869,57.000,57.000,4375.000,92.500
2021-12-09,16.000,18.000,7.000,77.208,56.000,143.000,7743.000,91.500
2021-12-10,15.000,4.000,2.000,70.671,53.000,102.000,5961.574,92.000
2021-12-11,16.000,14.000,9.000,70.583,52.000,149.000,9722.000,90.000
2021-12-12,17.000,11.000,17.000,80.955,61.000,177.000,8536.000,99.000
2021-12-13,12.000,18.000,,83.015,69.000,113.000,6626.000,101.000
2021-12-14,17.000,22.000,4.000,82.220,64.000,160.000,9675.000,95.000
2021-12-15,14.000,15.000,2.000,86.502,61.000,148.000,8939.000,119.500
2021-12-16,14.000,1.000,,73.526,56.000,123.000,5963.000,97.000
2021-12-17,13.000,4.000,1.000,81.928,56.000,113.000,5594.487,100.000
2021-12-18,15.000,,1.000,70.454,52.000,141.000,7507.000,86.500
2021-12-19,17.000,1.000,,76.611,53.000,174.000,9077.000,97.000
2021-12-20,16.000,18.000,,89.175,62.000,180.000,10089.000,132.000
2021-12-21,18.000,31.000,14.000,86.912,69.000,199.000,9861.000,131.000
2021-12-22,15.000,17.000,16.000,78.915,63.000,207.000,9277.000,98.000
2021-12-23,16.000,28.000,20.000,84.726,65.000,247.000,11295.000,95.000
2021-12-24,13.000,7.000,4.000,71.354,61.000,59.000,4045.000,93.000
2021-12-25,14.000,8.000,4.000,70.237,57.000,145.000,7955.904,89.000
2021-12-26,17.000,15.000,16.000,74.812,60.000,245.000,12341.000,90.000
2021-12-27,17.000,21.000,12.000,77.665,60.000,211.000,11130.000,94.000
2021-12-28,13.000,11.000,9.000,75.065,53.000,174.000,7705.643,100.000
2021-12-29,17.000,17.000,8.000,74.549,63.000,143.000,7078.357,97.500
2021-12-30,15.000,7.000,4.000,77.025,56.000,110.000,6949.000,93.000
2021-12-31,14.000,7.000,6.000,79.525,66.000,130.000,5827.258,94.000
2022-01-01,14.000,13.000,6.000,73.380,57.000,105.000,6484.291,89.000
2022-01-02,17.000,14.000,13.000,79.321,63.000,232.000,9735.000,101.000
2022-01-03,15.000,10.000,6.000,73.579,62.000,187.000,10928.000,96.000
2022-01-04,14.000,14.000,1.000,73.713,59.000,118.000,6557.000,98.500
2022-01-05,16.000,17.000,6.000,76.623,62.000,117.000,5462.000,106.000
2022-01-06,13.000,19.000,5.000,79.754,69.000,113.000,5506.000,103.000
2022-01-07,15.000,33.000,3.000,82.349,61.000,97.000,5277.000,110.000
2022-01-08,15.000,10.000,5.000,79.137,67.000,114.000,6431.000,111.000
2022-01-09,15.000,15.000,9.000,79.224,64.000,143.000,7925.000,96.000
2022-01-10,16.000,32.000,3.000,80.944,64.000,132.000,7794.000,107.000
2022-01-11,16.000,20.000,4.000,77.444,62.000,127.000,6543.000,110.500
2022-01-12,15.000,19.000,3.000,77.394,67.000,118.000,6930.365,105.500
2022-01-13,15.000,21.000,2.000,79.469,71.000,102.000,6254.000,114.500
2022-01-14,15.000,10.000,6.000,73.539,60.000,76.000,4529.000,94.500
2022-01-15,17.000,15.000,4.000,75.593,57.000,120.000,7210.000,99.000
2022-01-16,15.000,10.000,7.000,76.792,66.000,97.000,5904.000,102.000
2022-01-17,16.000,29.000,10.000,76.035,53.000,135.000,7907.000,127.000
2022-01-18,18.000,50.000,5.000,79.835,59.000,139.000,8341.000,101.000
2022-01-19,16.000,33.000,2.000,81.768,63.000,129.000,7326.000,111.000
2022-01-20,16.000,25.000,5.000,77.964,65.000,89.000,5943.000,104.000
2022-01-21,15.000,15.000,2.000,76.569,61.000,85.000,5402.000,116.000
2022-01-22,17.000,9.000,7.000,78.383,59.000,176.000,8693.000,120.500
2022-01-23,14.000,12.000,1.000,71.063,57.000,102.000,5370.000,92.000
2022-01-24,15.000,18.000,2.000,71.961,54.000,108.000,6604.000,94.000
2022-01-25,16.000,21.000,2.000,76.390,60.000,92.000,6318.000,106.000
2022-01-26,14.000,27.000,1.000,79.179,65.000,106.000,5774.195,109.000
2022-01-27,15.000,18.000,4.000,81.219,66.000,87.000,4980.000,111.000
2022-01-28,16.000,12.000,5.000,76.124,58.000,129.000,7297.994,118.000
2022-01-29,15.000,79.000,4.000,93.646,59.000,196.000,12656.000,103.500
2022-01-30,18.000,11.000,1.000,75.133,64.000,87.000,4460.000,97.500
2022-01-31,16.000,25.000,1.000,78.386,58.000,134.000,7433.000,108.000
2022-02-01,17.000,39.000,,86.628,62.000,119.000,7772.000,112.000
2022-02-02,15.000,28.000,3.000,73.237,55.000,120.000,6649.000,100.000
2022-02-03,14.000,20.000,3.000,76.615,57.000,95.000,5805.000,108.000
2022-02-04,13.000,29.000,4.000,77.958,53.000,100.000,6949.000,128.000
2022-02-05,14.000,63.000,2.000,89.453,60.000,217.000,10610.000,118.500
2022-02-06,16.000,17.000,5.000,68.408,55.000,145.000,7775.000,98.000
2022-02-07,16.000,26.000,1.000,78.340,63.000,107.000,7367.000,102.000
2022-02-08,13.000,38.000,1.000,79.651,58.000,148.000,8590.000,107.000
2022-02-09,18.000,16.000,3.000,75.530,63.000,127.000,8268.000,103.000
2022-02-10,16.000,29.000,3.000,71.739,54.000,140.000,6546.000,98.000
2022-02-11,14.000,3.000,2.000,72.860,56.000,89.000,4371.000,98.500
2022-02-12,17.000,34.000,3.000,77.938,58.000,187.000,10485.000,110.000
2022-02-13,18.000,37.000,7.000,83.942,60.000,198.000,12366.098,122.000
2022-02-14,16.000,9.000,5.000,73.809,60.000,72.000,4895.000,101.500
2022-02-15,17.000,27.000,1.000,74.057,56.000,122.000,7432.000,100.000
2022-02-16,15.000,29.000,8.000,81.369,64.000,120.000,7199.353,112.000
2022-02-17,16.000,22.000,5.000,76.038,60.000,110.000,6526.000,105.000
2022-02-18,17.000,5.000,1.000,71.832,57.000,116.000,6058.000,89.000
2022-02-19,15.000,12.000,5.980,75.124,57.000,118.000,6511.000,110.000
2022-02-20,14.000,31.000,4.000,77.240,59.000,101.000,7374.000,108.000
2022-02-21,15.000,36.000,4.000,84.383,62.000,173.000,10074.000,130.500
2022-02-22,16.000,41.000,2.000,80.896,58.000,166.000,9670.000,127.000
2022-02-23,16.000,53.000,1.000,80.043,59.000,195.000,10048.000,136.000
2022-02-24,17.000,48.000,2.000,81.261,62.000,158.000,8697.000,138.000
2022-02-25,16.000,20.000,3.000,82.138,63.000,103.000,7164.000,135.000
2022-02-26,16.000,28.000,7.000,86.857,56.000,153.000,9730.000,128.000
2022-02-27,17.000,4.000,1.000,72.470,58.000,117.000,5199.000,95.000
2022-02-28,17.000,48.000,1.000,85.189,59.000,179.000,11583.000,127.000
2022-03-01,17.000,63.000,3.000,89.803,64.000,151.000,9905.000,136.000
2022-03-02,17.000,64.000,7.000,86.192,64.000,149.000,10838.000,129.000
2022-03-03,17.000,38.000,4.000,83.648,60.000,178.000,8856.000,139.000
2022-03-04,15.000,23.000,2.000,79.382,62.000,101.000,5973.000,128.000
2022-03-05,17.000,34.000,3.000,86.517,58.000,110.000,7278.000,126.000
2022-03-06,16.000,42.000,10.000,88.343,63.000,167.000,11154.892,122.000
2022-03-07,15.000,38.000,5.000,78.067,59.000,151.000,8552.000,129.000
2022-03-08,15.000,44.000,6.000,77.574,61.000,133.000,8634.000,120.000
2022-03-09,18.000,39.000,3.000,80.037,63.000,142.000,8955.000,135.000
2022-03-10,14.000,42.000,4.000,85.494,62.000,118.000,8091.000,127.000
2022-03-11,17.000,23.000,2.000,80.511,64.000,138.000,7924.000,129.000
2022-03-12,12.000,30.000,3.000,74.638,56.000,79.000,5307.000,102.000
2022-03-13,15.000,17.000,2.000,73.225,56.000,107.000,5284.000,94.000
2022-03-14,14.000,53.000,3.910,85.257,61.000,129.000,9032.000,105.000
2022-03-15,16.000,41.000,2.000,80.486,59.000,130.000,7837.000,98.000
2022-03-16,18.000,15.000,4.000,78.072,64.000,108.000,6517.000,105.000
2022-03-17,15.000,24.000,3.000,77.689,62.000,87.000,5845.478,105.000
2022-03-18,14.000,18.000,5.000,80.011,60.000,89.000,4796.763,106.500
2022-03-19,14.000,24.000,4.000,75.509,59.000,144.000,7870.784,116.000
2022-03-20,16.000,15.000,6.000,75.124,54.000,177.000,8386.216,101.500
2022-03-21,15.000,25.000,,75.872,60.000,153.000,9402.000,98.000
2022-03-22,17.000,32.000,9.000,74.448,60.000,171.000,8808.000,100.000
2022-03-23,16.000,21.000,1.000,84.316,65.000,124.000,7356.000,132.000
2022-03-24,14.000,16.000,,75.074,60.000,124.000,5174.000,107.000
2022-03-25,17.000,17.000,4.000,77.602,58.000,152.000,7149.000,102.000
2022-03-26,13.000,16.000,,74.429,58.000,120.000,5592.000,103.000
2022-03-27,14.000,15.000,,68.092,56.000,141.000,7572.000,91.000
2022-03-28,18.000,15.000,,70.616,50.000,223.000,9188.000,95.000
2022-03-29,14.000,22.000,1.000,78.708,59.000,146.000,7625.000,124.000
2022-03-30,15.000,32.000,1.000,70.638,49.000,105.000,6535.000,104.000
2022-03-31,12.000,18.000,,70.076,52.000,83.000,4338.000,91.500
2022-04-01,15.000,23.000,4.000,73.219,61.000,120.000,6627.000,92.000
2022-04-02,16.000,73.000,7.000,97.061,56.000,207.000,12009.000,124.000
2022-04-03,14.000,55.000,6.000,86.937,62.000,147.000,10392.000,116.000
2022-04-04,16.000,34.000,1.000,71.018,59.000,121.000,7677.000,95.000
2022-04-05,16.000,34.000,1.000,68.362,57.000,119.000,8321.000,80.000
2022-04-06,16.000,39.000,3.000,73.885,61.000,156.000,9281.000,95.000
2022-04-07,14.000,31.000,,77.772,67.000,119.000,8002.000,105.000
2022-04-08,17.000,17.000,9.000,80.525,66.000,121.000,6803.000,99.000
2022-04-09,12.000,41.000,,79.046,67.000,34.000,1667.000,97.000
2022-04-10,13.000,15.000,7.000,78.349,66.000,115.000,7170.000,100.500
2022-04-11,15.000,34.000,4.000,81.035,59.000,88.000,6385.000,98.500
2022-04-12,17.000,22.000,4.000,77.308,64.000,98.000,6330.000,102.000
2022-04-13,17.000,32.000,6.000,73.497,61.000,133.000,8803.150,90.000
2022-04-14,14.000,28.000,2.000,75.522,56.000,148.000,7918.850,105.000
2022-04-15,16.000,23.000,20.000,75.835,55.000,151.000,9541.711,96.000
2022-04-16,13.000,24.000,4.000,71.188,60.000,104.000,7772.000,88.000
2022-04-17,14.000,27.000,4.000,79.339,53.000,95.000,8607.000,121.000
2022-04-18,17.000,33.000,3.000,68.525,58.000,154.000,10013.000,89.000
2022-04-19,15.000,26.000,3.000,67.626,57.000,113.000,6899.000,87.000
2022-04-20,17.000,25.000,3.417,68.698,51.000,119.000,6597.000,94.500
2022-04-21,15.000,5.000,5.000,66.807,57.000,64.000,4892.000,92.000
2022-04-22,16.000,25.000,3.000,72.142,58.000,92.000,5458.000,88.000
2022-04-23,14.000,15.000,14.000,76.659,58.000,143.000,7769.000,105.500
2022-04-24,14.000,25.000,9.000,72.560,58.000,152.000,7073.000,103.000
2022-04-25,18.000,38.000,3.000,75.857,59.000,135.000,7955.000,89.000
2022-04-26,14.000,38.000,2.000,74.436,59.000,128.000,8665.000,100.500
2022-04-27,15.000,17.000,2.000,65.530,55.000,90.000,5965.000,90.000
2022-04-28,15.000,26.000,,69.052,55.000,74.000,5529.000,93.500
2022-04-29,17.000,12.000,10.000,75.597,59.000,93.000,6655.000,109.500
2022-04-30,17.000,27.000,9.000,71.926,58.000,118.000,7930.000,80.500
2022-05-01,13.000,14.000,8.000,77.559,59.000,118.000,7498.000,95.000
2022-05-02,17.000,71.000,3.000,84.091,54.000,198.000,13136.000,133.000
2022-05-03,16.000,74.000,1.000,81.769,60.000,165.000,11925.422,134.000
2022-05-04,14.000,25.000,2.000,66.795,57.000,79.000,5796.000,93.500
2022-05-05,18.000,12.000,3.000,68.921,54.000,80.000,5703.881,105.000
2022-05-06,16.000,23.000,13.000,73.537,64.000,111.000,7170.119,94.000
2022-05-07,15.000,28.000,5.845,68.023,56.000,120.000,7710.434,91.500
2022-05-08,16.000,27.000,18.000,73.656,56.000,150.000,7526.000,91.000
2022-05-09,17.000,36.000,6.000,73.693,59.000,126.000,8442.000,90.500
2022-05-10,15.000,23.000,5.000,75.244,63.000,84.000,6173.000,93.500
2022-05-11,14.000,25.000,1.000,72.548,57.000,93.000,6356.000,104.000
2022-05-12,17.000,35.000,6.000,72.180,60.000,143.000,7893.000,90.500
2022-05-13,15.000,54.000,2.000,87.699,63.000,191.000,11017.000,117.000
2022-05-14,18.000,116.000,9.000,89.144,58.000,248.000,18676.873,118.000
2022-05-15,14.000,45.000,5.000,77.648,59.000,151.000,10971.127,107.000
2022-05-16,16.000,57.000,4.000,78.391,55.000,164.000,11681.000,116.000
2022-05-17,17.000,20.000,7.000,76.209,61.000,121.000,6712.000,106.500
2022-05-18,17.000,37.000,2.000,73.439,61.000,159.000,10438.042,102.000
2022-05-19,17.000,38.000,4.000,80.218,65.000,172.000,9928.391,109.000
2022-05-20,16.000,4.000,,67.196,52.000,88.000,4587.098,82.000
2022-05-21,15.000,15.000,6.000,70.712,55.000,117.000,6025.698,82.500
2022-05-22,13.000,2.000,,67.281,50.000,101.000,5312.000,92.500
2022-05-23,17.000,37.000,,77.193,62.000,187.000,11067.000,99.000
2022-05-24,14.000,18.000,,70.320,56.000,86.000,5534.000,95.000
2022-05-25,16.000,22.000,,72.684,59.000,183.000,9139.000,103.000
2022-05-26,16.000,26.000,4.000,69.308,55.000,173.000,9176.000,99.500
2022-05-27,12.000,33.000,2.000,75.728,60.000,157.000,8714.000,104.000
2022-05-28,15.000,22.000,4.317,74.727,60.000,222.000,12588.000,86.000
2022-05-29,14.000,9.000,2.000,76.287,64.000,170.000,7224.000,88.000
2022-05-30,15.000,43.000,4.000,79.817,55.000,98.000,8696.701,119.000
2022-05-31,16.000,56.000,4.000,85.970,66.000,156.000,12332.000,116.000
2022-06-01,15.000,56.000,7.000,85.928,59.000,128.000,10633.000,125.000